No.,ポケモン名,英語名,英語名（カナ）,タイプ,CP,HP,AT,DF,世代,実装済,色違い,シャドウ,♂,♀,進化
1,フシギダネ,Bulbasaur,バルバソァー,"くさ,どく",1115,128,118,111,1,◯,◯,◯,◯,◯,1
2,フシギソウ,Ivysaur,アイヴィソァー,"くさ,どく",1699,155,151,143,1,◯,◯,◯,◯,◯,2
3,フシギバナ,Venusaur,ヴィーナソァー,"くさ,どく",2720,190,198,189,1,◯,◯,◯,◯,◯,3
4,ヒトカゲ,Charmander,チャーマンダー,ほのお,980,118,116,93,1,◯,◯,◯,◯,◯,1
5,リザード,Charmeleon,チャーミリオン,ほのお,1653,151,158,126,1,◯,◯,◯,◯,◯,2
6,リザードン,Charizard,チャリザード,"ほのお,ひこう",2889,186,223,173,1,◯,◯,◯,◯,◯,3
7,ゼニガメ,Squirtle,スクヮートル,みず,946,127,94,121,1,◯,◯,◯,◯,◯,1
8,カメール,Wartortle,ウォータートル,みず,1488,153,126,155,1,◯,◯,◯,◯,◯,2
9,カメックス,Blastoise,ブラストイズ,みず,2466,188,171,207,1,◯,◯,◯,◯,◯,3
10,キャタピー,Caterpie,キャタピー,むし,437,128,55,55,1,◯,◯,-,◯,◯,1
11,トランセル,Merapod,メタポッド,むし,450,137,45,80,1,◯,◯,-,◯,◯,2
12,バタフリー,Butterfree,バタフリー,"むし,ひこう",1827,155,167,137,1,◯,◯,-,◯,◯,3
13,ビードル,Weedle,ウィードル,"むし,どく",456,120,63,50,1,◯,-,-,◯,◯,1
14,コクーン,Kakuna,カクーナ,"むし,どく",432,128,46,75,1,◯,-,-,◯,◯,2
15,スピアー,Beedrill,ビードリル,"むし,どく",1846,163,169,130,1,◯,-,-,◯,◯,3
16,ポッポ,Pidgey,ピジー,"ノーマル,ひこう",680,120,85,73,1,◯,◯,-,◯,◯,1
17,ピジョン,Pidgeotto,ピジオト,"ノーマル,ひこう",1194,160,117,105,1,◯,◯,-,◯,◯,2
18,ピジョット,Pidgeot,ピジオット,"ノーマル,ひこう",2129,195,166,154,1,◯,◯,-,◯,◯,3
19,コラッタ,Rattata,ラタタ,ノーマル,734,102,103,70,1,◯,◯,◯,◯,◯,1
19,コラッタ(アローラ),Rattata,ラタタ,"あく,ノーマル",734,102,103,70,7,◯,◯,-,◯,◯,1
20,ラッタ,Raticate,ラティケイト,ノーマル,1730,146,161,139,1,◯,◯,◯,◯,◯,2
20,ラッタ(アローラ),Raticate,ラティケイト,"あく,ノーマル",1705,181,135,154,7,◯,◯,-,◯,◯,2
21,オニスズメ,Spearow,スピーロウ,"ノーマル,ひこう",798,120,112,60,1,◯,-,-,◯,◯,1
22,オニドリル,Fearow,フィーロウ,"ノーマル,ひこう",1997,163,182,133,1,◯,-,-,◯,◯,2
23,アーボ,Ekans,アカンス,どく,927,111,110,97,1,◯,◯,-,◯,◯,1
24,アーボック,Arbok,アーボック,どく,1921,155,167,153,1,◯,◯,-,◯,◯,2
25,ピカチュウ,Pikachu,ピカチュウ,でんき,938,111,112,96,1,◯,◯,-,◯,◯,1
26,ライチュウ,Raichu,ライチュウ,でんき,2182,155,193,151,1,◯,◯,-,◯,◯,2
26,ライチュウ(アローラ),Raichu,ライチュウ,"でんき,エスパー",2286,155,201,154,7,◯,◯,-,◯,◯,2
27,サンド,Sandshrew,サンドスルー,じめん,1261,137,126,120,1,◯,◯,-,◯,◯,1
27,サンド(アローラ),Sandshrew,サンドスルー,"こおり,はがね",1293,137,125,129,7,◯,◯,-,◯,◯,1
28,サンドパン,Sandslash,サンドスラッシュ,じめん,2374,181,182,175,1,◯,◯,-,◯,◯,2
28,サンドパン(アローラ),Sandslash,サンドスラッシュ,"こおり,はがね",2432,181,177,195,7,◯,◯,-,◯,◯,2
29,ニドラン♀,Nidoran♀,ニドランフィメール,どく,816,146,86,89,1,◯,◯,-,-,◯,1
30,ニドリーナ,Nidorina,ニドリナ,どく,1309,172,117,120,1,◯,◯,-,-,◯,2
31,ニドクイン,Nidoqueen,ニドクイン,"どく,じめん",2488,207,180,173,1,◯,◯,-,-,◯,3
32,ニドラン♂,Nidoran♂,ニドランメール,どく,860,130,105,76,1,◯,◯,-,◯,-,1
33,ニドリーノ,Nidorino,ニドリノ,どく,1393,156,137,111,1,◯,◯,-,◯,-,2
34,ニドキング,Nidoking,ニドキング,"どく,じめん",2567,191,204,156,1,◯,◯,-,◯,-,3
35,ピッピ,Clefairy,クレフェアリー,フェアリー,1155,172,107,108,1,◯,◯,-,◯,◯,1
36,ピクシー,Clefable,クレフェイブル,フェアリー,2437,216,178,162,1,◯,◯,-,◯,◯,2
37,ロコン,Vulpix,ヴァルピクス,ほのお,883,116,96,109,1,◯,-,-,◯,◯,1
37,ロコン(アローラ),Vulpix,ヴァルピクス,"こおり,フェアリー",883,116,96,109,7,◯,◯,-,◯,◯,1
38,キュウコン,Ninetales,ナインテールズ,ほのお,2279,177,169,190,1,◯,-,-,◯,◯,2
38,キュウコン(アローラ),Ninetales,ナインテールズ,"こおり,フェアリー",2309,177,170,193,7,◯,◯,-,◯,◯,2
39,プリン,Jigglypuff,ジグリーパフ,"ノーマル,フェアリー",724,251,80,41,1,◯,◯,-,◯,◯,1
40,プクリン,Wigglytuff,ウィグリータフ,"ノーマル,フェアリー",1926,295,156,90,1,◯,◯,-,◯,◯,2
41,ズバット,Zubat,ズバット,"どく,ひこう",667,120,83,73,1,◯,◯,◯,◯,◯,1
42,ゴルバット,Golbat,ゴルバット,"どく,ひこう",1976,181,161,150,1,◯,◯,◯,◯,◯,2
43,ナゾノクサ,Oddish,オーディッシュ,"くさ,どく",1228,128,131,112,1,◯,◯,-,◯,◯,1
44,クサイハナ,Gloom,グルーム,"くさ,どく",1681,155,153,136,1,◯,◯,-,◯,◯,2
45,ラフレシア,Vileplume,ヴァイルプルーム,"くさ,どく",2559,181,202,167,1,◯,◯,-,◯,◯,3
46,パラス,Paras,パラス,"むし,くさ",1018,111,121,99,1,◯,-,-,◯,◯,1
47,パラセクト,Parasect,パラセクト,"むし,くさ",1859,155,165,146,1,◯,-,-,◯,◯,2
48,コンパン,Venonat,ヴェノナット,"むし,どく",1004,155,100,100,1,◯,-,-,◯,◯,1
49,モルフォン,Venomoth,ヴェノモス,"むし,どく",2082,172,179,143,1,◯,-,-,◯,◯,2
50,ディグダ,Diglett,ディグレット,じめん,676,67,109,78,1,◯,◯,-,◯,◯,1
50,ディグダ(アローラ),Diglett,ディグレット,"じめん,はがね",681,67,108,81,7,◯,◯,-,◯,◯,1
51,ダグトリオ,Dugtrio,ダグトリオ,じめん,1557,111,167,136,1,◯,◯,-,◯,◯,2
51,ダグトリオ(アローラ),Dugtrio,ダグトリオ,"じめん,はがね",1915,111,201,142,7,◯,◯,-,◯,◯,2
52,ニャース,Meowth,ミャオス,ノーマル,748,120,92,78,1,◯,◯,-,◯,◯,1
52,ニャース(アローラ),Meowth,ミャオス,あく,797,120,99,78,7,◯,◯,-,◯,◯,1
53,ペルシアン,Persian,パージャン,ノーマル,1689,163,150,136,1,◯,◯,-,◯,◯,2
53,ペルシアン(アローラ),Persian,パージャン,あく,1771,163,158,136,7,◯,◯,-,◯,◯,2
54,コダック,Psyduck,サイダック,みず,1106,137,122,95,1,◯,◯,-,◯,◯,1
55,ゴルダック,Golduck,ゴルダック,みず,2450,190,191,162,1,◯,◯,-,◯,◯,2
56,マンキー,Mankey,マンキー,かくとう,1164,120,148,82,1,◯,◯,-,◯,◯,1
57,オコリザル,Primeape,プライミープ,かくとう,2288,163,207,138,1,◯,◯,-,◯,◯,2
58,ガーディ,Growlithe,グロウリズ,ほのお,1243,146,136,93,1,◯,◯,-,◯,◯,1
59,ウインディ,Arcanine,アーキャナイン,ほのお,3029,207,227,166,1,◯,◯,-,◯,◯,2
60,ニョロモ,Poliwag,ポリワグ,みず,829,120,101,82,1,◯,◯,◯,◯,◯,1
61,ニョロゾ,Poliwhirl,ポリワール,みず,1419,163,130,123,1,◯,◯,◯,◯,◯,2
62,ニョロボン,Polirath,ポリラス,"みず,かくとう",2586,207,182,184,1,◯,◯,◯,◯,◯,3
63,ケーシィ,Abra,アブラ,エスパー,1342,93,195,82,1,◯,-,-,◯,◯,1
64,ユンゲラー,Kadabra,カダブラ,エスパー,2059,120,232,117,1,◯,-,-,◯,◯,2
65,フーディン,Alakazam,アラカザム,エスパー,3057,146,271,167,1,◯,-,-,◯,◯,3
66,ワンリキー,Machop,マチョップ,かくとう,1278,172,137,82,1,◯,◯,-,◯,◯,1
67,ゴーリキー,Machoke,マチョーク,かくとう,2031,190,177,125,1,◯,◯,-,◯,◯,2
68,カイリキー,Machamp,マチャンプ,かくとう,3056,207,234,159,1,◯,◯,-,◯,◯,3
69,マダツボミ,Bellsprout,ベルスプラウト,"くさ,どく",1033,137,139,61,1,◯,-,-,◯,◯,1
70,ウツドン,Weepinbell,ウィーピンベル,"くさ,どく",1611,163,172,92,1,◯,-,-,◯,◯,2
71,ウツボット,Victreebel,ヴィクトリーベル,"くさ,どく",2431,190,207,135,1,◯,-,-,◯,◯,3
72,メノクラゲ,Tentacool,テンタクール,"みず,どく",1040,120,97,149,1,◯,◯,-,◯,◯,1
73,ドククラゲ,Tentacruel,テンタクルー,"みず,どく",2422,190,166,209,1,◯,◯,-,◯,◯,2
74,イシツブテ,Geodude,ジオデュード,"いわ,じめん",1293,120,132,132,1,◯,◯,-,◯,◯,1
74,イシツブテ(アローラ),Geodude,ジオデュード,"いわ,でんき",1293,120,132,132,7,◯,◯,-,◯,◯,1
75,ゴローン,Graveler,グラーヴラー,"いわ,じめん",1897,146,164,164,1,◯,◯,-,◯,◯,2
75,ゴローン(アローラ),Graveler,グラーヴラー,"いわ,でんき",1897,146,164,164,7,◯,◯,-,◯,◯,2
76,ゴローニャ,Golem,ゴーレム,"いわ,じめん",2949,190,211,198,1,◯,◯,-,◯,◯,3
76,ゴローニャ(アローラ),Golem,ゴーレム,"いわ,でんき",2949,190,211,198,7,◯,◯,-,◯,◯,3
77,ポニータ,Ponyta,ポニータ,ほのお,1697,137,170,127,1,◯,◯,-,◯,◯,1
78,ギャロップ,Rapidash,ラピダッシュ,ほのお,2461,163,207,162,1,◯,◯,-,◯,◯,2
79,ヤドン,Slowpoke,スローポーク,"みず,エスパー",1226,207,109,98,1,◯,-,-,◯,◯,1
80,ヤドラン,Slowbro,スローブロ,"みず,エスパー",2545,216,177,180,1,◯,-,-,◯,◯,2
81,コイル,Magnemite,マグネマイト,"でんき,はがね",1362,93,165,121,1,◯,◯,-,-,-,1
82,レアコイル,Magneton,マグネトン,"でんき,はがね",2485,137,223,169,1,◯,◯,-,-,-,2
83,カモネギ,Farfetch'd,ファーフェチト,"ノーマル,ひこう",1236,141,124,115,1,◯,◯,-,◯,◯,1
84,ドードー,Doduo,ドーデュオ,"ノーマル,ひこう",1200,111,158,83,1,◯,-,-,◯,◯,1
85,ドードリオ,Dodrio,ドードリオ,"ノーマル,ひこう",2362,155,218,140,1,◯,-,-,◯,◯,2
86,パウワウ,Seel,シール,みず,971,163,85,121,1,◯,◯,-,◯,◯,1
87,ジュゴン,Dewgong,デューゴング,"みず,こおり",1985,207,139,177,1,◯,◯,-,◯,◯,2
88,ベトベター,Grimer,グライマー,どく,1374,190,135,90,1,◯,◯,◯,◯,◯,1
88,ベトベター(アローラ),Grimer,グライマー,"どく,あく",1374,190,135,90,7,◯,◯,-,◯,◯,1
89,ベトベトン,Muk,マク,どく,2757,233,190,172,1,◯,◯,◯,◯,◯,2
89,ベトベトン(アローラ),Muk,マク,"どく,あく",2757,233,190,172,7,◯,◯,-,◯,◯,2
90,シェルダー,Shellder,シェルダー,みず,1080,102,116,134,1,◯,◯,-,◯,◯,1
91,パルシェン,Cloyster,クロイスター,"みず,こおり",2547,137,186,256,1,◯,◯,-,◯,◯,2
92,ゴース,Gastly,ガストリー,"ゴースト,どく",1229,102,186,67,1,◯,◯,-,◯,◯,1
93,ゴースト,Haunter,ホーンター,"ゴースト,どく",1963,128,223,107,1,◯,◯,-,◯,◯,2
94,ゲンガー,Gengar,ゲンガー,"ゴースト,どく",2878,155,261,149,1,◯,◯,-,◯,◯,3
95,イワーク,Onix,オニックス,"いわ,じめん",1101,111,85,232,1,◯,◯,-,◯,◯,1
96,スリープ,Drowzee,ドロウジー,エスパー,1040,155,89,136,1,◯,◯,◯,◯,◯,1
97,スリーパー,Hypno,ヒプノ,エスパー,2090,198,144,193,1,◯,◯,◯,◯,◯,2
98,クラブ,Krabby,クラビィ,みず,1561,102,181,124,1,◯,◯,-,◯,◯,1
99,キングラー,Kingler,キングラー,みず,2829,146,240,181,1,◯,◯,-,◯,◯,2
100,ビリリダマ,Voltorb,ヴォルトーブ,でんき,1010,120,109,111,1,◯,-,-,-,-,1
101,マルマイン,Electrode,イレクトロード,でんき,2099,155,173,173,1,◯,-,-,-,-,2
102,タマタマ,Exeggcute,エグゼキュート,"くさ,エスパー",1175,155,107,125,1,◯,-,-,◯,◯,1
103,ナッシー,Exeggutor,エグゼギューター,"くさ,エスパー",3014,216,233,149,1,◯,-,-,◯,◯,2
103,ナッシー(アローラ),Exeggutor,エグゼギューター,"くさ,ドラゴン",3014,216,230,153,7,◯,◯,-,◯,◯,2
104,カラカラ,Cubone,キュボーン,じめん,1019,137,90,144,1,◯,◯,◯,◯,◯,1
105,ガラガラ,Marowak,マロワク,じめん,1835,155,144,186,1,◯,◯,◯,◯,◯,2
105,ガラガラ(アローラ),Marowak,マロワク,"ほのお,ゴースト",1835,155,144,186,7,◯,◯,-,◯,◯,2
106,サワムラー,Hitmonlee,ヒットモンリー,かくとう,2576,137,224,181,1,◯,-,-,◯,-,1
107,エビワラー,Hitmonchan,ヒットモンチャン,かくとう,2332,137,193,197,1,◯,-,-,◯,-,1
108,ベロリンガ,Lickitung,リキタング,ノーマル,1411,207,108,137,1,◯,-,-,◯,◯,1
109,ドガース,Koffing,コフィング,どく,1214,120,119,141,1,◯,◯,-,◯,◯,1
110,マタドガス,Weezing,ウィージング,どく,2293,163,174,197,1,◯,◯,-,◯,◯,2
111,サイホーン,Rhyhorn,ライホーン,"じめん,いわ",1651,190,140,127,1,◯,-,-,◯,◯,1
112,サイドン,Rhydon,ライドン,"じめん,いわ",3179,233,222,171,1,◯,-,-,◯,◯,2
113,ラッキー,Chansey,チャンシー,ノーマル,1255,487,60,128,1,◯,-,-,-,◯,1
114,モンジャラ,Tangela,タンゲラ,くさ,2238,163,183,169,1,◯,-,-,◯,◯,1
115,ガルーラ,Kangaskhan,カンガスカン,ノーマル,2586,233,181,165,1,◯,◯,-,-,◯,1
116,タッツー,Horsea,ホーシー,みず,1056,102,129,103,1,◯,◯,-,◯,◯,1
117,シードラ,Seadra,シードラ,みず,2093,146,187,156,1,◯,◯,-,◯,◯,2
118,トサキント,Goldeen,ゴルディーン,みず,1152,128,123,110,1,◯,-,-,◯,◯,1
119,アズマオウ,Seaking,シーキング,みず,2162,190,175,147,1,◯,-,-,◯,◯,2
120,ヒトデマン,Staryu,スターユー,みず,1157,102,137,112,1,◯,-,-,-,-,1
121,スターミー,Starmie,スターミー,"みず,エスパー",2584,155,210,184,1,◯,-,-,-,-,2
122,バリヤード,Mr. Mime,ミスターマイム,"エスパー,フェアリー",2228,120,192,205,1,◯,◯,-,◯,◯,2
123,ストライク,Scyther,サイザー,"むし,ひこう",2706,172,218,170,1,◯,◯,◯,◯,◯,1
124,ルージュラ,Jynx,ジンクス,"こおり,エスパー",2555,163,223,151,1,◯,◯,-,-,◯,1
125,エレブー,Electabuzz,イレクタバズ,でんき,2334,163,198,158,1,◯,◯,-,◯,◯,1
126,ブーバー,Magmar,マグマー,ほのお,2394,163,206,154,1,◯,◯,-,◯,◯,1
127,カイロス,Pinsir,ピンサー,むし,2959,163,238,182,1,◯,◯,-,◯,◯,1
128,ケンタロス,Tauros,トーロス,ノーマル,2620,181,198,183,1,◯,◯,-,◯,-,1
129,コイキング,Magikarp,マジカープ,みず,274,85,29,85,1,◯,◯,◯,◯,◯,1
130,ギャラドス,Gyarados,ギャラドス,"みず,ひこう",3391,216,237,186,1,◯,◯,◯,◯,◯,2
131,ラプラス,Lapras,ラプラス,"みず,こおり",2641,277,165,174,1,◯,◯,-,◯,◯,1
132,メタモン,Ditto,ディトー,ノーマル,832,134,91,91,1,◯,-,-,-,-,1
133,イーブイ,Eevee,イーヴィー,ノーマル,1071,146,104,114,1,◯,◯,-,◯,◯,1
134,シャワーズ,Vaporeon,ヴェイポリオン,みず,3114,277,205,161,1,◯,◯,-,◯,◯,2
135,サンダース,Jolteon,ジョルティオン,でんき,2888,163,232,182,1,◯,◯,-,◯,◯,2
136,ブースター,Flareon,フレイリオン,ほのお,3029,163,246,179,1,◯,◯,-,◯,◯,2
137,ポリゴン,Porygon,ポリゴン,ノーマル,1720,163,153,136,1,◯,-,-,-,-,1
138,オムナイト,Omanyte,オマナイト,"いわ,みず",1544,111,155,153,1,◯,◯,-,◯,◯,1
139,オムスター,Omastar,オマスター,"いわ,みず",2786,172,207,201,1,◯,◯,-,◯,◯,2
140,カブト,Kabuto,カブト,"いわ,みず",1370,102,148,140,1,◯,◯,-,◯,◯,1
141,カブトプス,Kabutops,カブトプス,"いわ,みず",2713,155,220,186,1,◯,◯,-,◯,◯,2
142,プテラ,Aerodactyl,エアロダクティル,"いわ,ひこう",2783,190,221,159,1,◯,◯,-,◯,◯,1
143,カビゴン,Snorlax,スノーラックス,ノーマル,3225,330,190,169,1,◯,-,◯,◯,◯,1
144,フリーザー,Articuno,アーティキューノ,"こおり,ひこう",3051,207,192,236,1,◯,◯,-,-,-,1
145,サンダー,Zapdos,ザプドス,"でんき,ひこう",3527,207,253,185,1,◯,◯,-,-,-,1
146,ファイヤー,Moltres,モルトレス,"ほのお,ひこう",3465,207,251,181,1,◯,◯,-,-,-,1
147,ミニリュウ,Dratini,ドラティーニ,ドラゴン,1004,121,119,91,1,◯,◯,◯,◯,◯,1
148,ハクリュー,Dragonair,ドラゴネア,ドラゴン,1780,156,163,135,1,◯,◯,◯,◯,◯,2
149,カイリュー,Dragonite,ドラゴナイト,"ドラゴン,ひこう",3792,209,263,198,1,◯,◯,◯,◯,◯,3
150,ミュウツー,Mewtwo,ミュウトゥー,エスパー,4178,214,300,182,1,◯,◯,-,-,-,1
151,ミュウ,Mew,ミュウ,エスパー,3265,225,210,210,1,◯,-,-,-,-,1
152,チコリータ,Chikorita,チコリータ,くさ,935,128,92,122,2,◯,◯,-,◯,◯,1
153,ベイリーフ,Bayleef,ベイリーフ,くさ,1454,155,122,155,2,◯,◯,-,◯,◯,2
154,メガニウム,Meganium,メギニオム,くさ,2410,190,168,202,2,◯,◯,-,◯,◯,3
155,ヒノアラシ,Cyndaquil,シンダクィル,ほのお,980,118,116,93,2,◯,◯,-,◯,◯,1
156,マグマラシ,Quilava,クウィラヴァ,ほのお,1653,151,158,126,2,◯,◯,-,◯,◯,2
157,バクフーン,Typhlotion,タイフロージョン,ほのお,2889,186,223,173,2,◯,◯,-,◯,◯,3
158,ワニノコ,Totodile,トトダイル,みず,1131,137,117,109,2,◯,◯,-,◯,◯,1
159,アリゲイツ,Croconaw,クロコナー,みず,1722,163,150,142,2,◯,◯,-,◯,◯,2
160,オーダイル,Fealigatr,フェラリゲーター,みず,2857,198,205,188,2,◯,◯,-,◯,◯,3
161,オタチ,Sentret,セントレット,ノーマル,618,111,79,73,2,◯,◯,-,◯,◯,1
162,オオタチ,Furret,ファレット,ノーマル,1758,198,148,125,2,◯,◯,-,◯,◯,2
163,ホーホー,Hoothoot,フートフート,"ノーマル,ひこう",677,155,67,88,2,◯,-,-,◯,◯,1
164,ヨルノズク,Noctowl,ノクトウル,"ノーマル,ひこう",2024,225,145,156,2,◯,-,-,◯,◯,2
165,レディバ,Ledyba,レディバ,"むし,ひこう",728,120,72,118,2,◯,-,-,◯,◯,1
166,レディアン,Ledian,レディアン,"むし,ひこう",1346,146,107,179,2,◯,-,-,◯,◯,2
167,イトマル,Spinarak,スピナラク,"むし,どく",816,120,105,73,2,◯,-,-,◯,◯,1
168,アリアドス,Ariados,アリアドス,"むし,どく",1772,172,161,124,2,◯,-,-,◯,◯,2
169,クロバット,Crobat,クロバット,"どく,ひこう",2646,198,194,178,2,◯,◯,◯,◯,◯,3
170,チョンチー,Chinchou,チンチョウ,"みず,でんき",1119,181,106,97,2,◯,-,-,◯,◯,1
171,ランターン,Lanturn,ランターン,"みず,でんき",2085,268,146,137,2,◯,-,-,◯,◯,2
172,ピチュー,Pichu,ピチュー,でんき,473,85,77,53,2,◯,◯,-,◯,◯,0
173,ピィ,Clefa,クレファ,フェアリー,671,137,75,79,2,◯,◯,-,◯,◯,0
174,ププリン,Igglibuff,イグリーバフ,"ノーマル,フェアリー",535,207,69,32,2,◯,◯,-,◯,◯,0
175,トゲピー,Togepi,トゲピー,フェアリー,657,111,67,116,2,◯,◯,-,◯,◯,0
176,トゲチック,Togetic,トゲティク,"フェアリー,ひこう",1708,146,139,181,2,◯,◯,-,◯,◯,1
177,ネイティ,Natu,ナーテュー,"エスパー,ひこう",1102,120,134,89,2,◯,◯,-,◯,◯,1
178,ネイティオ,Xatu,ザーテュー,"エスパー,ひこう",2188,163,192,146,2,◯,◯,-,◯,◯,2
179,メリープ,Mareep,マリープ,でんき,991,146,114,79,2,◯,◯,-,◯,◯,1
180,モココ,Flaaffy,フラーフィー,でんき,1521,172,145,109,2,◯,◯,-,◯,◯,2
181,デンリュウ,Ampharos,アンファロス,でんき,2852,207,211,169,2,◯,◯,-,◯,◯,3
182,キレイハナ,Bellossom,ベロッサム,くさ,2281,181,169,186,2,◯,◯,-,◯,◯,3
183,マリル,Marill,マリル,"みず,フェアリー",461,172,37,93,2,◯,◯,-,◯,◯,1
184,マリルリ,Azumarill,アズマリル,"みず,フェアリー",1588,225,112,152,2,◯,◯,-,◯,◯,2
185,ウソッキー,Sudowoodo,スドウドー,いわ,2148,172,167,176,2,◯,◯,-,◯,◯,1
186,ニョロトノ,Politoed,ポリトード,みず,2449,207,174,179,2,◯,◯,◯,◯,◯,3
187,ハネッコ,Hoppip,ホピップ,"くさ,ひこう",600,111,67,94,2,◯,-,-,◯,◯,1
188,ポポッコ,Skiploom,スキップルーム,"くさ,ひこう",976,146,91,120,2,◯,-,-,◯,◯,2
189,ワタッコ,Jumpluff,ジャンプラフ,"くさ,ひこう",1636,181,118,183,2,◯,-,-,◯,◯,3
190,エイパム,Aipom,エイパム,ノーマル,1348,146,136,112,2,◯,◯,-,◯,◯,1
191,ヒマナッツ,Sunkern,サンカーン,くさ,395,102,55,55,2,◯,◯,-,◯,◯,1
192,キマワリ,Sunflora,サンフローラ,くさ,2141,181,185,135,2,◯,◯,-,◯,◯,2
193,ヤンヤンマ,Yanma,ヤンマ,"むし,ひこう",1470,163,154,94,2,◯,◯,-,◯,◯,1
194,ウパー,Wooper,ウーパー,"みず,じめん",641,146,75,66,2,◯,-,-,◯,◯,1
195,ヌオー,Quagsire,クァグサイア,"みず,じめん",1992,216,152,143,2,◯,-,-,◯,◯,2
196,エーフィ,Espeon,エスピオン,エスパー,3170,163,261,175,2,◯,◯,-,◯,◯,2
197,ブラッキー,Umbreon,アンブリオン,あく,2137,216,126,240,2,◯,◯,-,◯,◯,2
198,ヤミカラス,Murkrow,マークロウ,"あく,ひこう",1562,155,175,87,2,◯,◯,-,◯,◯,1
199,ヤドキング,Slowking,スローキング,"みず,エスパー",2545,216,177,180,2,◯,-,-,◯,◯,3
200,ムウマ,Misdreavus,ミスドリーヴァス,ゴースト,1926,155,167,154,2,◯,◯,-,◯,◯,1
201,アンノーン,Unown,アノーン,エスパー,1185,134,136,91,2,◯,-,-,-,-,1
202,ソーナンス,Wobbuffet,ウォバフェット,エスパー,1026,382,60,106,2,◯,◯,-,◯,◯,1
203,キリンリキ,Girafarig,ジラファリッグ,"ノーマル,エスパー",2046,172,182,133,2,◯,-,-,◯,◯,1
204,クヌギダマ,Pineco,パインコ,むし,1108,137,108,122,2,◯,◯,-,◯,◯,1
205,フォレトス,Forretress,フォレトレス,"むし,はがね",2282,181,161,205,2,◯,◯,-,◯,◯,2
206,ノコッチ,Dunsparce,ダンスパース,ノーマル,1689,225,131,128,2,◯,-,-,◯,◯,1
207,グライガー,Gligar,グライガー,"じめん,ひこう",1857,163,143,184,2,◯,◯,-,◯,◯,1
208,ハガネール,Steelix,スティーリックス,"はがね,じめん",2414,181,148,272,2,◯,◯,-,◯,◯,2
209,ブルー,Snubbull,スナブル,フェアリー,1237,155,137,85,2,◯,◯,-,◯,◯,1
210,グランブル,Granbull,グランブル,フェアリー,2552,207,212,131,2,◯,◯,-,◯,◯,2
211,ハリーセン,Qwilfish,クウィルフィッシュ,"みず,どく",2051,163,184,138,2,◯,-,-,◯,◯,1
212,ハッサム,Scizor,シゾァー,"むし,はがね",3001,172,236,181,2,◯,◯,◯,◯,◯,2
213,ツボツボ,Shuckle,シャックル,"むし,いわ",405,85,17,396,2,◯,◯,-,◯,◯,1
214,ヘラクロス,Heracross,ヘラクロス,"むし,かくとう",3101,190,234,179,2,◯,-,-,◯,◯,1
215,ニューラ,Sneasel,スニーゼル,"あく,こおり",2051,146,189,146,2,◯,◯,-,◯,◯,1
216,ヒメグマ,Teddiursa,テディアーサ,ノーマル,1328,155,142,93,2,◯,-,-,◯,◯,1
217,リングマ,Ursaring,アーサリング,ノーマル,2945,207,236,144,2,◯,-,-,◯,◯,2
218,マグマッグ,Slugma,スラグマ,ほのお,895,120,118,71,2,◯,-,-,◯,◯,1
219,マグカルゴ,Magcargo,マグカーゴ,"ほのお,いわ",1702,137,139,191,2,◯,-,-,◯,◯,2
220,ウリムー,Swinub,スワイナブ,"こおり,じめん",741,137,90,69,2,◯,◯,-,◯,◯,1
221,イノムー,Piloswine,パイロスワイン,"こおり,じめん",2345,225,181,138,2,◯,◯,-,◯,◯,2
222,サニーゴ,Corsola,コーソラ,"みず,いわ",1378,146,118,156,2,◯,-,-,◯,◯,1
223,テッポウオ,Remoraid,レモレイド,みず,912,111,127,69,2,◯,-,-,◯,◯,1
224,オクタン,Octillery,オクティレリー,みず,2315,181,197,141,2,◯,-,-,◯,◯,2
225,デリバード,Delibird,デリバード,"こおり,ひこう",1094,128,128,90,2,◯,◯,-,◯,◯,1
226,マンタイン,Mantine,マンティン,"みず,ひこう",2108,163,148,226,2,◯,-,-,◯,◯,1
227,エアームド,Skarmory,スカーモリー,"はがね,ひこう",2108,163,148,226,2,◯,◯,-,◯,◯,1
228,デルビル,Houndour,ハウンダワー,"あく,ほのお",1234,128,152,83,2,◯,◯,◯,◯,◯,1
229,ヘルガー,Houndoom,ハウンドゥーム,"あく,ほのお",2635,181,224,144,2,◯,◯,◯,◯,◯,2
230,キングドラ,Kingdra,キングドラ,"みず,ドラゴン",2641,181,194,194,2,◯,◯,-,◯,◯,3
231,ゴマゾウ,Phanpy,ファンピー,じめん,1206,207,107,98,2,◯,-,-,◯,◯,1
232,ドンファン,Donphan,ドンファン,じめん,3013,207,214,185,2,◯,-,-,◯,◯,2
233,ポリゴン2,Porygon2,ポリゴントゥー,ノーマル,2711,198,198,180,2,◯,-,-,-,-,2
234,オドシシ,Stantler,スタントラー,ノーマル,2164,177,192,131,2,◯,-,-,◯,◯,1
235,ドーブル,Smeargle,スメアグル,ノーマル,431,146,40,83,2,◯,-,-,◯,◯,1
236,バルキー,Tyrogue,タイローグ,かくとう,492,111,64,64,2,◯,-,-,◯,-,0
237,カポエラー,Hitmontop,ヒットモントップ,かくとう,2156,137,173,207,2,◯,-,-,◯,-,1
238,ムチュール,Smoochum,スムーチャム,"こおり,エスパー",1291,128,153,91,2,◯,◯,-,-,◯,0
239,エレキッド,Elekid,エレキッド,でんき,1206,128,135,101,2,◯,◯,-,◯,◯,0
240,ブビィ,Magby,マグビィ,ほのお,1323,128,151,99,2,◯,◯,-,◯,◯,0
241,ミルタンク,Miltank,ミルタンク,ノーマル,2354,216,157,193,2,◯,-,-,-,◯,1
242,ハピナス,Blissey,ブリシー,ノーマル,2757,496,129,169,2,◯,-,-,-,◯,2
243,ライコウ,Raikou,ライコウ,でんき,3452,207,241,195,2,◯,◯,-,-,-,1
244,エンテイ,Entei,エンテイ,ほのお,3473,251,235,171,2,◯,◯,-,-,-,1
245,スイクン,Suicune,スイクーン,みず,2983,225,180,235,2,◯,◯,-,-,-,1
246,ヨーギラス,Larvitar,ラーヴィター,"いわ,じめん",1040,137,115,93,2,◯,◯,-,◯,◯,1
247,サナギラス,Pupitar,ピューピター,"いわ,じめん",1766,172,155,133,2,◯,◯,-,◯,◯,2
248,バンギラス,Tytanitar,タイラニター,"いわ,あく",3834,225,251,207,2,◯,◯,-,◯,◯,3
249,ルギア,Lugia,ルギア,"エスパー,ひこう",3703,235,193,310,2,◯,◯,-,-,-,1
250,ホウオウ,Ho-Oh,ホーオー,"ほのお,ひこう",3863,214,239,244,2,◯,◯,-,-,-,1
251,セレビィ,Celebi,セレビィ,"エスパー,くさ",3265,225,210,210,2,◯,-,-,-,-,1
252,キモリ,Treecko,トゥリーコー,くさ,1053,120,124,94,3,◯,◯,-,◯,◯,1
253,ジュプトル,Grovyle,グローヴァイル,くさ,1673,137,172,120,3,◯,◯,-,◯,◯,2
254,ジュカイン,Sceptile,セプタイル,くさ,2757,172,223,169,3,◯,◯,-,◯,◯,3
255,アチャモ,Torchic,トーチック,ほのお,1093,128,130,87,3,◯,◯,-,◯,◯,1
256,ワカシャモ,Combusken,コンバスキン,"ほのお,かくとう",1652,155,163,115,3,◯,◯,-,◯,◯,2
257,バシャーモ,Blaziken,ブレイジキン,"ほのお,かくとう",2848,190,240,141,3,◯,◯,-,◯,◯,3
258,ミズゴロウ,Mudkip,マドキップ,みず,1128,137,126,93,3,◯,◯,◯,◯,◯,1
259,ヌマクロー,Marshtomp,マーシュトンプ,"みず,じめん",1776,172,156,133,3,◯,◯,◯,◯,◯,2
260,ラグラージ,Swampert,スワンパート,"みず,じめん",2974,225,208,175,3,◯,◯,◯,◯,◯,3
261,ポチエナ,Poochyena,プチエナ,あく,678,111,96,61,3,◯,◯,-,◯,◯,1
262,グラエナ,Mightyena,マイティエナ,あく,1926,172,171,132,3,◯,◯,-,◯,◯,2
263,ジグザグマ,Zigzagoon,ジグザグーン,ノーマル,508,116,58,80,3,◯,◯,-,◯,◯,1
264,マッスグマ,Linoone,ライヌーン,ノーマル,1662,186,142,128,3,◯,◯,-,◯,◯,2
265,ケムッソ,Wurmple,ワーンプル,むし,578,128,75,59,3,◯,-,-,◯,◯,1
266,カラサリス,Silcoon,シルクーン,むし,553,137,60,77,3,◯,-,-,◯,◯,2
267,アゲハント,Beautifly,ビューティフライ,"むし,ひこう",1765,155,189,98,3,◯,-,-,◯,◯,3
268,マユルド,Cascoon,キャスクーン,むし,553,137,60,77,3,◯,-,-,◯,◯,2
269,ドクケイル,Dustox,ダストックス,"むし,どく",1224,155,98,162,3,◯,-,-,◯,◯,3
270,ハスボー,Lotad,ロータッド,"みず,くさ",598,120,71,77,3,◯,◯,-,◯,◯,1
271,ハスブレロ,Lombre,ロンブレ,"みず,くさ",1197,155,112,119,3,◯,◯,-,◯,◯,2
272,ルンパッパ,Ludicolo,ルディコロ,"みず,くさ",2323,190,173,176,3,◯,◯,-,◯,◯,3
273,タネボー,Seedot,シードット,くさ,598,120,71,77,3,◯,-,-,◯,◯,1
274,コノハナ,Nuzleaf,ナズリーフ,"くさ,あく",1227,172,134,78,3,◯,-,-,◯,◯,2
275,ダーテング,Shiftry,シフトリー,"くさ,あく",2333,207,200,121,3,◯,-,-,◯,◯,3
276,スバメ,Taillow,テイロー,"ノーマル,ひこう",765,120,106,61,3,◯,◯,-,◯,◯,1
277,オオスバメ,Swellow,スウェロー,"ノーマル,ひこう",1920,155,185,124,3,◯,◯,-,◯,◯,2
278,キャモメ,Wingull,ウィンガル,"みず,ひこう",765,120,106,61,3,◯,◯,-,◯,◯,1
279,ペリッパー,Pelipper,ペリッパー,"みず,ひこう",2127,155,175,174,3,◯,◯,-,◯,◯,2
280,ラルトス,Ralts,ラルツ,"エスパー,フェアリー",539,99,79,59,3,◯,◯,◯,◯,◯,1
281,キルリア,Kirlia,カーリア,"エスパー,フェアリー",966,116,117,90,3,◯,◯,◯,◯,◯,2
282,サーナイト,Gardevoir,ガーデヴォアー,"エスパー,フェアリー",3093,169,237,195,3,◯,◯,◯,◯,◯,3
283,アメタマ,Surskit,サースキット,"むし,みず",791,120,93,87,3,◯,-,-,◯,◯,1
284,アメモース,Masquerain,マスカレイン,"むし,ひこう",2270,172,192,150,3,◯,-,-,◯,◯,2
285,キノココ,Shroomish,シュルーミッシュ,くさ,810,155,74,110,3,◯,-,-,◯,◯,1
286,キノガッサ,Breloom,ブレルーム,"くさ,かくとう",2628,155,241,144,3,◯,-,-,◯,◯,2
287,ナマケロ,Slakoth,スラコース,ノーマル,1002,155,104,92,3,◯,◯,-,◯,◯,1
288,ヤルキモノ,Vigoroth,ヴィゴロース,ノーマル,1968,190,159,145,3,◯,◯,-,◯,◯,2
289,ケッキング,Slaking,スラッキング,ノーマル,4431,284,290,166,3,◯,◯,-,◯,◯,3
290,ツチニン,Nincada,ニンカーダ,"むし,じめん",768,104,80,126,3,◯,-,-,◯,◯,1
291,テッカニン,Ninjask,ニンジャスク,"むし,ひこう",1942,156,199,112,3,◯,-,-,◯,◯,2
292,ヌケニン,Shedinja,シェディンジャ,"むし,ゴースト",393,1,153,73,3,◯,-,-,-,-,2
293,ゴニョニョ,Whismur,ウィズマー,ノーマル,671,162,92,42,3,◯,-,-,◯,◯,1
294,ドゴーム,Loudred,ラウドレッド,ノーマル,1327,197,134,81,3,◯,-,-,◯,◯,2
295,バクオング,Exploud,エクスプラウド,ノーマル,2347,232,179,137,3,◯,-,-,◯,◯,3
296,マクノシタ,Makuhita,マクヒタ,かくとう,817,176,99,54,3,◯,◯,-,◯,◯,1
297,ハリテヤマ,Hariyama,ハリヤマ,かくとう,2829,302,209,114,3,◯,◯,-,◯,◯,2
298,ルリリ,Azurill,アズリル,"ノーマル,フェアリー",364,137,36,71,3,◯,◯,-,◯,◯,0
299,ノズパス,Nosepass,ノーズパス,いわ,993,102,82,215,3,◯,-,-,◯,◯,1
300,エネコ,Skitty,スキティ,ノーマル,739,137,84,79,3,◯,-,-,◯,◯,1
301,エネコロロ,Delcatty,デルキャティ,ノーマル,1496,172,132,127,3,◯,-,-,◯,◯,2
302,ヤミラミ,Sableye,セーブライ,"あく,ゴースト",1476,137,141,136,3,◯,◯,-,◯,◯,1
303,クチート,Mawile,マワイル,"はがね,フェアリー",1634,137,155,141,3,◯,◯,-,◯,◯,1
304,ココドラ,Aron,アロン,"はがね,いわ",1307,137,121,141,3,◯,◯,-,◯,◯,1
305,コドラ,Lairon,レイロン,"はがね,いわ",2056,155,158,198,3,◯,◯,-,◯,◯,2
306,ボスゴドラ,Aggron,アグロン,"はがね,いわ",3000,172,198,257,3,◯,◯,-,◯,◯,3
307,アサナン,Meditite,メディタイト,"かくとう,エスパー",693,102,78,107,3,◯,◯,-,◯,◯,1
308,チャーレム,Medicham,メディチャム,"かくとう,エスパー",1431,155,121,152,3,◯,◯,-,◯,◯,2
309,ラクライ,Electrike,イレクトライク,でんき,965,120,123,78,3,◯,◯,-,◯,◯,1
310,ライボルト,Manectric,マネクトリック,でんき,2340,172,215,127,3,◯,◯,-,◯,◯,2
311,プラスル,Plusle,プラスル,でんき,1778,155,167,129,3,◯,◯,-,◯,◯,1
312,マイナン,Minun,マイナン,でんき,1694,155,147,150,3,◯,◯,-,◯,◯,1
313,バルビート,Volbeat,ヴォルビート,むし,1771,163,143,166,3,◯,-,-,◯,-,1
314,イルミーゼ,Illumise,イルミーゼ,むし,1771,163,143,166,3,◯,-,-,-,◯,1
315,ロゼリア,Roselia,ロゼリア,"くさ,どく",1870,137,186,131,3,◯,◯,-,◯,◯,1
316,ゴクリン,Gulpin,ガルピン,どく,866,172,80,99,3,◯,-,-,◯,◯,1
317,マルノーム,Swalot,スワロット,どく,1978,225,140,159,3,◯,-,-,◯,◯,2
318,キバニア,Carvanha,カーヴァーナ,"みず,あく",1020,128,171,39,3,◯,◯,-,◯,◯,1
319,サメハダー,Sharpedo,シャーピドゥー,"みず,あく",2181,172,243,83,3,◯,◯,-,◯,◯,2
320,ホエルコ,Wailmer,ウェイルマー,みず,1468,277,136,68,3,◯,◯,-,◯,◯,1
321,ホエルオー,Wailord,ウェイロード,みず,2280,347,175,87,3,◯,◯,-,◯,◯,2
322,ドンメル,Numel,ナメル,"ほのお,じめん",1057,155,119,79,3,◯,-,-,◯,◯,1
323,バクーダ,Camerupt,キャラプト,"ほのお,じめん",2193,172,194,136,3,◯,-,-,◯,◯,2
324,コータス,Torkoal,トーコール,ほのお,2093,172,151,203,3,◯,-,-,◯,◯,1
325,バネブー,Spoink,スポインク,エスパー,1334,155,125,122,3,◯,◯,-,◯,◯,1
326,ブーピッグ,Grumpig,グランピッグ,エスパー,2369,190,171,188,3,◯,◯,-,◯,◯,2
327,パッチール,Spinda,スピンダ,ノーマル,1220,155,116,116,3,◯,◯,-,◯,◯,1
328,ナックラー,Trapinch,トラピンチ,じめん,1274,128,162,78,3,◯,◯,-,◯,◯,1
329,ビブラーバ,Vibrava,ヴァイブラーヴァ,"じめん,ドラゴン",1225,137,134,99,3,◯,◯,-,◯,◯,2
330,フライゴン,Flygon,フライゴン,"じめん,ドラゴン",2661,190,205,168,3,◯,◯,-,◯,◯,3
331,サボネア,Cacnea,カクネア,くさ,1242,137,156,74,3,◯,-,-,◯,◯,1
332,ノクタス,Cacturne,カクターン,"くさ,あく",2298,172,221,115,3,◯,-,-,◯,◯,2
333,チルット,Swablu,スワブル,"ノーマル,ひこう",824,128,76,132,3,◯,◯,-,◯,◯,1
334,チルタリス,Altaria,アルタリア,"ドラゴン,ひこう",2004,181,141,201,3,◯,◯,-,◯,◯,2
335,ザングース,Zangoose,ザングース,ノーマル,2418,177,222,124,3,◯,◯,-,◯,◯,1
336,ハブネーク,Seviper,セヴァイパー,どく,2105,177,196,118,3,◯,◯,-,◯,◯,1
337,ルナトーン,Lunatone,ルナトーン,"いわ,エスパー",2327,207,178,153,3,◯,◯,-,-,-,1
338,ソルロック,Solrock,ソルロック,"いわ,エスパー",2327,207,178,153,3,◯,◯,-,-,-,1
339,ドジョッチ,Barboach,バルボーチ,"みず,じめん",819,137,93,82,3,◯,◯,-,◯,◯,1
340,ナマズン,Whiscash,ウィスキャッシュ,"みず,じめん",2075,242,151,141,3,◯,◯,-,◯,◯,2
341,ヘイガニ,Corphish,コーフィッシュ,みず,1230,125,141,99,3,◯,-,-,◯,◯,1
342,シザリガー,Crawdaunt,クロードント,"みず,あく",2474,160,224,142,3,◯,-,-,◯,◯,2
343,ヤジロン,Baltoy,バルトイ,"じめん,エスパー",787,120,77,124,3,◯,-,-,-,-,1
344,ネンドール,Claydol,クレイドル,"じめん,エスパー",1971,155,140,229,3,◯,-,-,-,-,2
345,リリーラ,Lileep,リリープ,"いわ,くさ",1291,165,105,150,3,◯,◯,-,◯,◯,1
346,ユレイドル,Cradily,クレイディリー,"いわ,くさ",2211,200,152,194,3,◯,◯,-,◯,◯,2
347,アノプス,Anorith,アノリス,"いわ,むし",1529,128,176,100,3,◯,◯,-,◯,◯,1
348,アーマルド,Armaldo,アーマルドー,"いわ,むし",2848,181,222,174,3,◯,◯,-,◯,◯,2
349,ヒンバス,Feebas,フィーバス,みず,274,85,29,85,3,◯,◯,-,◯,◯,1
350,ミロカロス,Milotic,マイロティック,みず,3005,216,192,219,3,◯,◯,-,◯,◯,2
351,ポワルン(ポワルンのすがた),Castform,キャストフォーム,ノーマル,1632,172,139,139,3,◯,◯,-,◯,◯,1
351,ポワルン(たいようのすがた),Castform,キャストフォーム,ほのお,1632,172,139,139,3,◯,-,-,◯,◯,1
351,ポワルン(あまみずのすがた),Castform,キャストフォーム,みず,1632,172,139,139,3,◯,-,-,◯,◯,1
351,ポワルン(ゆきぐものすがた),Castform,キャストフォーム,こおり,1632,172,139,139,3,◯,-,-,◯,◯,1
353,カゲボウズ,Shuppet,シャペット,ゴースト,1018,127,138,65,3,◯,◯,-,◯,◯,1
354,ジュペッタ,Banette,ベイネット,ゴースト,2298,162,218,126,3,◯,◯,-,◯,◯,2
355,ヨマワル,Duskull,ダスカル,ゴースト,706,85,70,162,3,◯,◯,-,◯,◯,1
356,サマヨール,Dusclops,ダスクロップス,ゴースト,1591,120,124,234,3,◯,◯,-,◯,◯,2
357,トロピウス,Tropius,トロピウス,"くさ,ひこう",1941,223,136,163,3,◯,-,-,◯,◯,1
358,チリーン,Chimecho,チャイメコー,エスパー,2259,181,175,170,3,◯,-,-,◯,◯,1
359,アブソル,Absol,アブソル,あく,2526,163,246,120,3,◯,◯,-,◯,◯,1
360,ソーナノ,Wynaut,ワイノウト,エスパー,534,216,41,86,3,◯,◯,-,◯,◯,0
361,ユキワラシ,Snorunt,スノーラント,こおり,888,137,95,95,3,◯,◯,-,◯,◯,1
362,オニゴーリ,Glalie,グレイリー,こおり,2105,190,162,162,3,◯,◯,-,◯,◯,2
363,タマザラシ,Spheal,スフィール,"こおり,みず",962,172,95,90,3,◯,-,-,◯,◯,1
364,トドグラー,Sealeo,シーリオ,"こおり,みず",1714,207,137,132,3,◯,-,-,◯,◯,2
365,トドゼルガ,Walrein,ワルレイン,"こおり,みず",2726,242,182,176,3,◯,-,-,◯,◯,3
366,パールル,Clamperl,クランパール,みず,1270,111,133,135,3,◯,◯,-,◯,◯,1
367,ハンテール,Huntail,ハンテール,みず,2340,146,197,179,2,◯,◯,-,◯,◯,2
368,サクラビス,Gorebyss,ゴアビス,みず,2494,146,211,179,2,◯,◯,-,◯,◯,2
369,ジーランス,Relicanth,レリカンス,"みず,いわ",2528,225,162,203,3,◯,-,-,◯,◯,1
370,ラブカス,Luvdisc,ラヴディスク,みず,848,125,81,128,3,◯,◯,-,◯,◯,1
371,タツベイ,Bagon,ベイゴン,ドラゴン,1156,128,134,93,3,◯,◯,-,◯,◯,1
372,コモルー,Shelgon,シェルゴン,ドラゴン,2031,163,172,155,3,◯,◯,-,◯,◯,2
373,ボーマンダ,Salamence,サラメンス,"ドラゴン,ひこう",3749,216,277,168,3,◯,◯,-,◯,◯,3
374,ダンバル,Beldum,ベルダム,"はがね,エスパー",976,120,96,132,3,◯,◯,-,-,-,1
375,メタング,Metang,メタング,"はがね,エスパー",1721,155,138,176,3,◯,◯,-,-,-,2
376,メタグロス,Metagross,メタグロス,"はがね,エスパー",3791,190,257,228,3,◯,◯,-,-,-,3
377,レジロック,Regirock,レジロック,いわ,3122,190,179,309,3,◯,◯,-,-,-,1
378,レジアイス,Regice,レザイス,こおり,3122,190,179,309,3,◯,◯,-,-,-,1
379,レジスチル,Registeel,レジスティール,はがね,2447,190,143,285,3,◯,◯,-,-,-,1
380,ラティアス,Latias,ラティアス,"ドラゴン,エスパー",3510,190,228,246,3,◯,◯,-,-,◯,1
381,ラティオス,Latios,ラティオス,"ドラゴン,エスパー",3812,190,268,212,3,◯,◯,-,◯,-,1
382,カイオーガ,Kyogre,カイオーガー,みず,4115,205,270,228,3,◯,◯,-,-,-,1
383,グラードン,Groudon,グラウドン,じめん,4115,205,270,228,3,◯,◯,-,-,-,1
384,レックウザ,Rayquaza,レイクェイザ,"ドラゴン,ひこう",3835,213,284,170,3,◯,◯,-,-,-,1
385,ジラーチ,Jirachi,ジラーチ,"はがね,エスパー",3265,225,210,210,3,◯,-,-,-,-,1
386,デオキシス(ノーマルフォルム),Deoxys,ディオキシス,エスパー,3160,137,345,115,3,◯,-,-,◯,◯,1
386,デオキシス(アタックフォルム),Deoxys,ディオキシス,エスパー,2580,137,414,46,3,◯,-,-,◯,◯,1
386,デオキシス(ディフェンスフォルム),Deoxys,ディオキシス,エスパー,2274,137,144,330,3,◯,-,-,◯,◯,1
386,デオキシス(スピードフォルム),Deoxys,ディオキシス,エスパー,2879,137,230,218,3,◯,-,-,◯,◯,1
387,ナエトル,Turtwig,タートウィグ,くさ,1187,146,119,110,4,◯,◯,-,◯,◯,1
388,ハヤシガメ,Grotle,グロットル,くさ,1890,181,157,143,4,◯,◯,-,◯,◯,2
389,ドダイトス,Torterra,トーテラ,"くさ,じめん",2934,216,202,188,4,◯,◯,-,◯,◯,3
390,ヒコザル,Chimchar,チムチャー,ほのお,957,127,113,86,4,◯,◯,-,◯,◯,1
391,モウカザル,Monferno,モンファノ,"ほのお,かくとう",1574,162,158,105,4,◯,◯,-,◯,◯,2
392,ゴウカザル,Infernape,インファーネープ,"ほのお,かくとう",2683,183,222,151,4,◯,◯,-,◯,◯,3
393,ポッチャマ,Piplup,ピプラップ,みず,1075,142,112,102,4,◯,-,-,◯,◯,1
394,ポッタイシ,Prinplup,プリンプラップ,みず,1701,162,150,139,4,◯,-,-,◯,◯,2
395,エンペルト,Empoleon,エンポリオン,"みず,はがね",2900,197,210,186,4,◯,-,-,◯,◯,3
396,ムックル,Starly,スターリー,"ノーマル,ひこう",719,120,101,58,4,◯,-,-,◯,◯,1
397,ムクバード,Staravia,スタレイヴィア,"ノーマル,ひこう",1299,146,142,94,4,◯,-,-,◯,◯,2
398,ムクホーク,Staraptor,スタラプター,"ノーマル,ひこう",2825,198,234,140,4,◯,-,-,◯,◯,3
399,ビッパ,Bidoof,ビドゥーフ,ノーマル,721,153,80,73,4,◯,-,-,◯,◯,1
400,ビーダル,Bibarel,ビベレル,"ノーマル,みず",1823,188,162,119,4,◯,-,-,◯,◯,2
401,コロボーシ,Kricketot,クリケトット,むし,401,114,45,74,4,◯,-,-,◯,◯,1
402,コロトック,Kricketune,クリケチューン,むし,1653,184,160,100,4,◯,-,-,◯,◯,2
403,コリンク,Shinx,シンクス,でんき,876,128,117,64,4,◯,◯,-,◯,◯,1
404,ルクシオ,Luxio,ルクシオ,でんき,1486,155,159,95,4,◯,◯,-,◯,◯,2
405,レントラー,Luxray,ルクスレイ,でんき,2888,190,232,156,4,◯,◯,-,◯,◯,3
406,スボミー,Budew,バデュー,"くさ,どく",856,120,91,109,4,◯,◯,-,◯,◯,0
407,ロズレイド,Roserade,ロズレイド,"くさ,どく",2971,155,243,185,4,◯,◯,-,◯,◯,2
408,ズガイドス,Cranidos,クレイニドス,いわ,1820,167,218,71,4,◯,-,-,◯,◯,1
409,ラムパルド,Rampardos,ランパードス,いわ,3298,219,295,109,4,◯,-,-,◯,◯,2
410,タテトプス,Shieldon,シールドン,"いわ,はがね",890,102,76,195,4,◯,-,-,◯,◯,1
411,トリデプス,Bastiodon,バスティオドン,"いわ,はがね",1539,155,94,286,4,◯,-,-,◯,◯,2
412,ミノムッチ(くさきのミノ),Burmy,バーミィ,むし,488,120,53,83,4,◯,-,-,◯,◯,1
412,ミノムッチ(すなちのミノ),Burmy,バーミィ,むし,488,120,53,83,4,◯,-,-,◯,◯,1
412,ミノムッチ(ゴミのミノ),Burmy,バーミィ,むし,488,120,53,83,4,◯,-,-,◯,◯,1
413,ミノマダム(くさきのミノ),Wormadam,ワーマダム,"むし,くさ",1773,155,141,180,4,◯,-,-,◯,◯,2
413,ミノマダム(すなちのミノ),Wormadam,ワーマダム,"むし,じめん",1773,155,141,180,4,◯,-,-,◯,◯,2
413,ミノマダム(ゴミのミノ),Wormadam,ワーマダム,"むし,はがね",1593,155,127,175,4,◯,-,-,◯,◯,2
414,ガーメイル,Mothim,モーシム,"むし,ひこう",1815,172,185,98,4,◯,-,-,◯,-,2
415,ミツハニー,Combee,コンビー,"むし,ひこう",494,102,59,83,4,◯,-,-,◯,◯,1
416,ビークイン,Vespiquen,ヴェスピクイン,"むし,ひこう",2005,172,149,190,4,◯,-,-,-,◯,2
417,パチリス,Pachirisu,パチリス,でんき,1213,155,94,172,4,◯,-,-,◯,◯,1
418,ブイゼル,Buizel,ブイゼル,みず,1054,146,132,67,4,◯,-,-,◯,◯,1
419,フローゼル,Floatzel,フローツォル,みず,2443,198,221,114,4,◯,-,-,◯,◯,2
420,チェリンボ,Cherubi,チェルビ,くさ,950,128,108,92,4,◯,-,-,◯,◯,1
421,チェリム(ネガフォルム),Cherrim,チェリム,くさ,2048,172,170,153,4,◯,-,-,◯,◯,2
421,チェリム(ポジフォルム),Cherrim,チェリム,くさ,2048,172,170,153,4,◯,-,-,◯,◯,2
422,カラナクシ(ひがしのうみ),Shellos,シェロス,みず,1136,183,103,105,4,◯,-,-,◯,◯,1
422,カラナクシ(にしのうみ),Shellos,シェロス,みず,1136,183,103,105,4,◯,-,-,◯,◯,1
423,トリトドン(ひがしのうみ),Gastrodon,ガストロドン,"みず,じめん",2324,244,169,143,4,◯,-,-,◯,◯,2
423,トリトドン(にしのうみ),Gastrodon,ガストロドン,"みず,じめん",2324,244,169,143,4,◯,-,-,◯,◯,2
424,エテボース,Ambipom,アンビパム,ノーマル,2418,181,205,143,4,◯,◯,-,◯,◯,2
425,フワンテ,Drifloon,ドリフルーン,"ゴースト,ひこう",1197,207,117,80,4,◯,◯,-,◯,◯,1
426,フワライド,Drifblim,ドリフブリム,"ゴースト,ひこう",2382,312,180,102,4,◯,◯,-,◯,◯,2
427,ミミロル,Buneary,バニアリー,ノーマル,1258,146,130,105,4,◯,◯,-,◯,◯,1
428,ミミロップ,Lopunny,ロップニー,ノーマル,2059,163,156,194,4,◯,◯,-,◯,◯,2
429,ムウマージ,Mismagius,ミスマギアス,ゴースト,2615,155,211,187,4,◯,◯,-,◯,◯,2
430,ドンカラス,Honchkrow,ホンククロー,"あく,ひこう",2711,225,243,103,4,◯,◯,-,◯,◯,2
431,ニャルマー,Glameow,グラミャオー,ノーマル,934,135,109,82,4,◯,-,-,◯,◯,1
432,ブニャット,Purugly,プラグリー,ノーマル,1953,174,172,133,4,◯,-,-,◯,◯,2
433,リーシャン,Chingling,チングリング,エスパー,1005,128,114,94,4,◯,-,-,◯,◯,0
434,スカンプー,Stunky,スタンキー,"どく,あく",1151,160,121,90,4,◯,-,-,◯,◯,1
435,スカタンク,Skuntank,スカンタンク,"どく,あく",2358,230,184,132,4,◯,-,-,◯,◯,2
436,ドーミラー,Bronzor,ブロンゾー,"はがね,エスパー",603,149,43,154,4,◯,◯,-,-,-,1
437,ドータクン,Bronzong,ブロンゾング,"はがね,エスパー",2239,167,161,213,4,◯,◯,-,-,-,2
438,ウソハチ,Bonsly,ボンスライ,いわ,1302,137,124,133,4,◯,◯,-,◯,◯,0
439,マネネ,Mime Jr.,マイムジュニア,"エスパー,フェアリー",1095,85,125,142,4,◯,◯,-,◯,◯,1
440,ピンプク,Happiny,ハピニー,ノーマル,371,225,25,77,4,◯,-,-,-,◯,0
441,ペラップ,Chatot,チャトット,"ノーマル,ひこう",1791,183,183,91,4,◯,-,-,◯,◯,1
442,ミカルゲ,Spritomb,スピリトゥーム,"ゴースト,あく",2072,137,169,199,4,◯,-,-,◯,◯,1
443,フカマル,Gible,ギブル,"ドラゴン,じめん",1112,151,124,84,4,◯,-,-,◯,◯,1
444,ガバイト,Gabite,ガバイト,"ドラゴン,じめん",1874,169,172,125,4,◯,-,-,◯,◯,2
445,ガブリアス,Garchomp,ガーチョンプ,"ドラゴン,じめん",3962,239,261,193,4,◯,-,-,◯,◯,3
446,ゴンベ,Munchlax,マンチラックス,ノーマル,1892,286,137,117,4,◯,-,-,◯,◯,0
447,リオル,Riolu,リオル,かくとう,993,120,127,78,4,◯,-,-,◯,◯,0
448,ルカリオ,Lucario,ルカリオ,"かくとう,はがね",2703,172,236,144,4,◯,-,-,◯,◯,1
449,ヒポポタス,Hippopotas,ヒポポタス,じめん,1358,169,124,118,4,◯,-,-,◯,◯,1
450,カバルドン,Hippowdon,ヒポウドン,じめん,3085,239,201,191,4,◯,-,-,◯,◯,2
451,スコルピ,Skorupi,スコルピ,"どく,むし",1009,120,93,151,4,◯,-,-,◯,◯,1
452,ドラピオン,Drapion,ドラピオン,"どく,あく",2453,172,180,202,4,◯,-,-,◯,◯,2
453,グレッグル,Croagunk,クローガンク,"どく,かくとう",952,134,116,76,4,◯,-,-,◯,◯,1
454,ドクロッグ,Toxicroak,トクシクローク,"どく,かくとう",2488,195,211,133,4,◯,-,-,◯,◯,2
455,マスキッパ,Carnivine,カーニヴァイン,くさ,2159,179,187,136,4,◯,-,-,◯,◯,1
456,ケイコウオ,Finneon,フィニオン,みず,971,135,96,116,4,◯,-,-,◯,◯,1
457,ネオラント,Lumineon,ルミニオン,みず,1814,170,142,170,4,◯,-,-,◯,◯,2
458,タマンタ,Mantyke,マンタイク,"みず,ひこう",1248,128,105,179,4,◯,-,-,◯,◯,0
459,ユキカブリ,Snover,スノーヴァー,"くさ,こおり",1159,155,115,105,4,◯,-,-,◯,◯,1
460,ユキノオー,Abomasnow,アボマスノー,"くさ,こおり",2362,207,178,158,4,◯,-,-,◯,◯,2
461,マニューラ,Weavile,ウィーヴァイル,"あく,こおり",3005,172,243,171,4,◯,◯,-,◯,◯,2
462,ジバコイル,Magnezone,マグネゾーン,"でんき,はがね",3205,172,238,205,4,◯,◯,-,-,-,3
463,ベロベルト,Lickilicky,リキリキー,ノーマル,2467,242,161,181,4,◯,-,-,◯,◯,2
464,ドサイドン,Rhyperior,ライペリアー,"じめん,いわ",3733,251,241,190,4,◯,-,-,◯,◯,3
465,モジャンボ,Tangrowth,タングロース,くさ,3030,225,207,184,4,◯,-,-,◯,◯,2
466,エレキブル,Electivire,イレクティヴァイア,でんき,3079,181,249,163,4,◯,◯,-,◯,◯,2
467,ブーバーン,Magmortar,マグモーター,ほのお,3132,181,247,172,4,◯,◯,-,◯,◯,2
468,トゲキッス,Togekiss,トゲキッス,"フェアリー,ひこう",3332,198,225,217,4,◯,◯,-,◯,◯,2
469,メガヤンマ,Yanmega,ヤンメガ,"むし,ひこう",2946,200,231,156,4,◯,◯,-,◯,◯,2
470,リーフィア,Leafeon,リーフィオン,くさ,2944,163,216,219,4,◯,◯,-,◯,◯,2
471,グレイシア,Glaceon,グレイシオン,こおり,3126,163,238,205,4,◯,◯,-,◯,◯,2
472,グライオン,Gliscor,グライスコー,"じめん,ひこう",2692,181,185,222,4,◯,◯,-,◯,◯,2
473,マンムー,Mamoswine,マモスワイン,"こおり,じめん",3328,242,247,146,4,◯,◯,-,◯,◯,3
474,ポリゴンZ,Porygon-Z,ポリゴンズィー,ノーマル,3266,198,264,150,4,◯,-,-,-,-,3
475,エルレイド,Gallade,ガレイド,"エスパー,かくとう",3093,169,237,195,4,◯,◯,◯,◯,-,3
476,ダイノーズ,Probopass,プロボパス,"いわ,はがね",2080,155,135,275,4,◯,-,-,◯,◯,2
477,ヨノワール,Dusknoir,ダスクノワール,ゴースト,2388,128,180,254,4,◯,◯,-,◯,◯,3
478,ユキメノコ,Froslass,フロスラス,"こおり,ゴースト",2040,172,171,150,4,◯,◯,-,-,◯,2
480,ユクシー,Uxie,ユクシー,エスパー,2524,181,156,270,4,◯,-,-,-,-,1
481,エムリット,Mesprit,メスプリット,エスパー,3058,190,212,212,4,◯,-,-,-,-,1
482,アグノム,Azelf,アゼルフ,エスパー,3210,181,270,151,4,◯,-,-,-,-,1
483,ディアルガ,Dialga,ディアルガ,"はがね,ドラゴン",4038,205,275,211,4,◯,-,-,-,-,1
484,パルキア,Palkia,パルキア,"みず,ドラゴン",3991,189,280,215,4,◯,-,-,-,-,1
485,ヒードラン,Heatran,ヒートラン,"ほのお,はがね",3754,209,251,213,4,◯,-,-,◯,◯,1
487,ギラティナ(アナザーフォルム),Giratina,ギラティナ,"ゴースト,ドラゴン",3379,284,187,225,4,◯,◯,-,◯,◯,1
487,ギラティナ(オリジンフォルム),Giratina,ギラティナ,"ゴースト,ドラゴン",3683,284,225,187,4,◯,-,-,◯,◯,1
488,クレセリア,Cresselia,クレセリア,エスパー,2857,260,152,258,4,◯,◯,-,-,◯,1
491,ダークライ,Darkrai,ダークライ,あく,3739,172,285,198,4,◯,-,-,-,-,1
495,ツタージャ,Snivy,スナイヴィー,くさ,849,128,88,107,5,◯,-,-,◯,◯,1
496,ジャノビー,Servine,サーヴァイン,くさ,1441,155,122,152,5,◯,-,-,◯,◯,2
497,ジャローダ,Serperior,サーペリアー,くさ,2277,181,161,204,5,◯,-,-,◯,◯,3
498,ポカブ,Tepig,テピッグ,ほのお,1074,163,114,85,5,◯,-,-,◯,◯,1
499,チャオブー,Pignite,ピグナイト,"ほのお,かくとう",1924,207,173,106,5,◯,-,-,◯,◯,2
500,エンブオー,Emboar,エンボアー,"ほのお,かくとう",2982,242,235,127,5,◯,-,-,◯,◯,3
501,ミジュマル,Oshawott,オシャウォット,みず,1046,146,117,85,5,◯,-,-,◯,◯,1
502,フタチマル,Dewott,デュウォット,みず,1741,181,159,116,5,◯,-,-,◯,◯,2
503,ダイケンキ,Samurott,サムロット,みず,2826,216,212,157,5,◯,-,-,◯,◯,3
504,ミネズミ,Patrat,パトラット,ノーマル,791,128,98,73,5,◯,◯,-,◯,◯,1
505,ミルホッグ,Watchog,ワッチョグ,ノーマル,1808,155,164,139,5,◯,◯,-,◯,◯,2
506,ヨーテリー,Lillipup,リリパップ,ノーマル,915,128,107,86,5,◯,◯,-,◯,◯,1
507,ハーデリア,Herdier,ハーディアー,ノーマル,1573,163,144,126,5,◯,◯,-,◯,◯,2
508,ムーランド,Stoutland,スタウトランド,ノーマル,2827,198,206,182,5,◯,◯,-,◯,◯,3
509,チョロネコ,Purrloin,パーロイン,あく,772,121,98,73,5,◯,-,-,◯,◯,1
510,レパルダス,Liepard,ライパード,あく,1846,162,187,106,5,◯,-,-,◯,◯,2
511,ヤナップ,Pansage,パンセージ,くさ,956,137,104,94,5,◯,-,-,◯,◯,1
512,ヤナッキー,Simisage,シミセージ,くさ,2350,181,206,133,5,◯,-,-,◯,◯,2
513,バオップ,Pansear,パンシアー,ほのお,956,137,104,94,5,◯,-,-,◯,◯,1
514,バオッキー,Simisear,シミシアー,ほのお,2350,181,206,133,5,◯,-,-,◯,◯,2
515,ヒヤップ,Panpour,パンポアー,みず,956,137,104,94,5,◯,-,-,◯,◯,1
516,ヒヤッキー,Simipour,シミポアー,みず,2350,181,206,133,5,◯,-,-,◯,◯,2
519,マメパト,Pidove,ピドーヴ,"ノーマル,ひこう",855,137,99,80,5,◯,-,-,◯,◯,1
520,ハトーボー,Tranquill,トランクィル,"ノーマル,ひこう",1442,158,144,107,5,◯,-,-,◯,◯,2
521,ケンホロウ,Unfezant,アンフェザント,"ノーマル,ひこう",2723,190,225,146,5,◯,-,-,◯,◯,3
522,シママ,Blitzle,ブリッツル,でんき,882,128,118,64,5,◯,-,-,◯,◯,1
523,ゼブライカ,Zebstrika,ゼブストライカ,でんき,2428,181,211,136,5,◯,-,-,◯,◯,2
529,モグリュー,Drilbur,ドリルバー,じめん,1376,155,154,85,5,◯,-,-,◯,◯,1
530,ドリュウズ,Excadrill,エクスカドリル,"じめん,はがね",3255,242,255,130,5,◯,-,-,◯,◯,2
562,デスマス,Yamask,ヤマスク,ゴースト,973,116,94,141,5,◯,◯,-,◯,◯,1
563,デスカーン,Cofagrigus,コファグリガス,ゴースト,2273,151,163,237,5,◯,◯,-,◯,◯,2
590,タマゲタケ,Foongus,フーンガス,"くさ,どく",974,170,97,90,5,◯,-,-,◯,◯,1
591,モロバレル,Amoonguss,アムーンガス,"くさ,どく",2140,249,155,139,5,◯,-,-,◯,◯,2
597,テッシード,Ferroseed,フェロシード,"くさ,はがね",931,127,81,155,5,◯,-,-,◯,◯,1
598,ナットレイ,Ferrothorn,フェロソーン,"くさ,はがね",2321,179,158,223,5,◯,-,-,◯,◯,2
599,ギアル,Klink,クリンク,はがね,956,120,98,121,5,◯,◯,-,-,-,1
600,ギギアル,Klang,クラング,はがね,1842,155,150,173,5,◯,◯,-,-,-,2
601,ギギギアル,Klinklang,クリンクラング,はがね,2624,155,198,214,5,◯,◯,-,-,-,3
607,ヒトモシ,Litwik,リトウィック,"ゴースト,ほのお",1006,137,108,98,5,◯,-,-,◯,◯,1
608,ランプラー,Lampent,ランペント,"ゴースト,ほのお",1708,155,169,115,5,◯,-,-,◯,◯,2
609,シャンデラ,Chandelure,シャンデルーア,"ゴースト,ほのお",3257,155,270,182,5,◯,-,-,◯,◯,3
622,ゴビット,Golett,ゴレット,"じめん,ゴースト",1189,153,127,92,5,◯,-,-,-,-,1
623,ゴルーグ,Golurk,ゴラーク,"じめん,ゴースト",2854,205,222,154,5,◯,-,-,-,-,2
631,クイタラン,Heatmor,ヒートモア,ほのお,2395,198,204,129,5,◯,-,-,◯,◯,1
632,アイアント,Durant,デュラント,"むし,はがね",2659,151,217,188,5,◯,-,-,◯,◯,1
633,モノズ,Deino,ダイノ,"あく,ドラゴン",1062,141,116,93,5,◯,-,-,◯,◯,1
634,ジヘッド,Zweilous,ツヴァイロス,"あく,ドラゴン",1839,176,159,135,5,◯,-,-,◯,◯,2
635,サザンドラ,Hydreigon,ハイドライゴン,"あく,ドラゴン",3625,211,256,188,5,◯,-,-,◯,◯,3
638,コバルオン,Cobalion,コベイリオン,"はがね,かくとう",3022,209,192,229,5,◯,-,-,-,-,1
808,メルタン,Meltan,メルタン,はがね,1068,130,118,99,7,◯,◯,-,-,-,1
809,メルメタル,Melmetal,メルメタル,はがね,3599,264,226,190,7,◯,◯,-,-,-,2
,,,,,,,,,,569,333,,,,